Customer ID,Churn Category
<<<<<<< HEAD
9938-EKRGF,No Churn
7379-POKDZ,No Churn
0654-HMSHN,No Churn
2045-BMBTJ,No Churn
0701-TJSEF,No Churn
1226-UDFZR,No Churn
9225-BZLNZ,No Churn
2754-SDJRD,Competitor
2254-DLXRI,No Churn
3629-ZNKXA,Competitor
2636-SJDOU,No Churn
0921-OHLVP,No Churn
6689-VRRTK,No Churn
2858-EIMXH,No Churn
5175-WLYXL,No Churn
0643-OKLRP,No Churn
3097-PYWXL,No Churn
5968-VXZLG,No Churn
9029-FEGVJ,No Churn
4661-NJEUX,No Churn
6620-JDYNW,No Churn
7605-BDWDC,Dissatisfaction
5136-GFPMB,No Churn
6261-LHRTG,No Churn
7033-CLAMM,No Churn
6821-BUXUX,No Churn
4072-IPYLT,No Churn
4134-BSXLX,No Churn
0895-DQHEW,No Churn
9313-CDOGY,No Churn
3771-PZOBW,No Churn
5307-DZCVC,Competitor
1729-VLAZJ,No Churn
7558-IMLMT,No Churn
3389-KTRXV,No Churn
4800-VHZKI,No Churn
6429-SHBCB,No Churn
2592-YKDIF,No Churn
0980-FEXWF,No Churn
8670-MEFCP,No Churn
4664-NJCMS,Competitor
7319-ZNRTR,No Churn
3877-JRJIP,No Churn
1552-TKMXS,No Churn
6297-NOOPG,No Churn
1919-RTPQD,No Churn
1088-CNNKB,Competitor
2187-PKZAY,No Churn
2466-NEJOJ,No Churn
2969-VAPYH,No Churn
4971-PUYQO,Competitor
9638-JIQYA,No Churn
3251-YMVWZ,Competitor
8680-CGLTP,No Churn
6521-YYTYI,No Churn
9314-IJWSQ,No Churn
9953-ZMKSM,Competitor
6265-SXWBU,No Churn
4223-WOZCM,No Churn
9619-GSATL,No Churn
0129-KPTWJ,No Churn
7010-BRBUU,No Churn
1303-SRDOK,No Churn
5394-SVGJV,Competitor
5726-CVNYA,No Churn
0567-XRHCU,No Churn
5299-SJCZT,No Churn
3091-FYHKI,Dissatisfaction
5515-IDEJJ,No Churn
9644-KVCNC,No Churn
5233-AOZUF,No Churn
2812-SFXMJ,No Churn
3156-QLHBO,No Churn
4445-KWOKW,No Churn
4250-ZBWLV,No Churn
9847-HNVGP,No Churn
0022-TCJCI,No Churn
6180-YBIQI,No Churn
1099-GODLO,No Churn
7228-PAQPD,Competitor
3336-JORSO,No Churn
0946-FKYTX,No Churn
8642-GVWRF,No Churn
4398-HSCJH,No Churn
0962-CQPWQ,No Churn
8984-HPEMB,No Churn
7102-JJVTX,No Churn
2207-QPJED,No Churn
5923-GXUOC,No Churn
6261-RCVNS,No Churn
1442-OKRJE,No Churn
4018-PPNDW,No Churn
9025-ZRPVR,No Churn
7845-URHJN,No Churn
4302-ZYFEL,No Churn
3415-TAILE,No Churn
4007-NHVHI,No Churn
4140-WJAWW,No Churn
8869-LIHMK,No Churn
4822-NGOCH,No Churn
2637-FKFSY,No Churn
0303-UNCIP,No Churn
6870-ECSHE,No Churn
7567-ECMCM,No Churn
5575-GNVDE,No Churn
3106-ULWFW,No Churn
4451-RWASJ,No Churn
4508-OEBEY,No Churn
3146-JTQHR,No Churn
8757-TFHHJ,No Churn
1163-VIPRI,No Churn
3258-SYSWS,No Churn
9867-NNXLC,No Churn
8207-VVMYB,No Churn
4487-ZYJZK,No Churn
1355-KUSBG,Competitor
7799-LGRDP,No Churn
5981-ZVXOT,No Churn
4955-VCWBI,Competitor
4659-NZRUF,No Churn
4588-YBNIB,No Churn
0880-FVFWF,No Churn
6770-XUAGN,Competitor
0485-ZBSLN,No Churn
3597-YASZG,No Churn
2971-SGAFL,No Churn
4424-TKOPW,No Churn
7694-VLBWQ,No Churn
9871-ELEYA,No Churn
4020-KIUDI,No Churn
3318-ISQFQ,No Churn
0895-LNKRC,No Churn
7349-ALMUX,No Churn
6374-NTQLP,No Churn
3096-JRDSO,No Churn
9018-PCIOK,No Churn
9436-ZBZCT,No Churn
4685-TFLLS,No Churn
5707-ORNDZ,Competitor
5248-RPYWW,No Churn
8714-CTZJW,No Churn
6689-KXGBO,No Churn
5126-RCXYW,No Churn
7460-ITWWP,No Churn
9909-DFRJA,No Churn
7134-HBPBS,No Churn
0734-OXWBT,No Churn
4815-GBTCD,No Churn
7020-OZKXZ,Dissatisfaction
3133-PZNSR,No Churn
9385-EHGDO,No Churn
8644-XYTSV,No Churn
7547-EKNFS,No Churn
9700-ISPUP,No Churn
9831-BPFRI,No Churn
5481-NTDOH,No Churn
7180-PISOG,No Churn
2692-BUCFV,No Churn
3354-OADJP,Competitor
6680-NENYN,No Churn
3387-PLKUI,No Churn
9894-EZEWG,No Churn
3061-BCKYI,No Churn
4323-ELYYB,No Churn
1333-PBMXB,Competitor
4945-RVMTE,No Churn
9508-ILZDG,No Churn
6927-WTFIV,Competitor
6339-YPSAH,No Churn
9754-CLVZW,No Churn
2809-ILCYT,No Churn
3870-MQAMG,No Churn
2212-LYASK,Competitor
2800-VEQXM,No Churn
0298-XACET,No Churn
0428-AXXLJ,Attitude
7993-PYKOF,No Churn
6608-QQLVK,No Churn
1577-HKTFG,No Churn
6348-SNFUS,No Churn
1230-QAJDW,No Churn
7395-XWZOY,No Churn
6281-FKEWS,No Churn
9355-NPPFS,No Churn
7055-JCGNI,No Churn
8383-SGHJU,No Churn
9025-AOMKI,No Churn
3521-HTQTV,No Churn
1907-YLNYW,No Churn
6416-YJTTB,No Churn
2511-ALLCS,No Churn
4129-LYCOI,No Churn
8652-YHIYU,No Churn
9067-YGSCA,No Churn
9552-TGUZV,No Churn
6072-NUQCB,No Churn
2219-MVUSO,No Churn
8067-NIOYM,No Churn
8155-IBNHG,No Churn
4833-QTJNO,Competitor
3627-FCRDW,No Churn
9332-GYWLO,No Churn
8314-HTWVE,No Churn
3836-FZSDJ,No Churn
0248-PGHBZ,No Churn
6388-TABGU,No Churn
9066-QRSDU,No Churn
5914-DVBWJ,No Churn
8582-KRHPJ,No Churn
4548-SDBKE,No Churn
0458-HEUZG,No Churn
5329-KRDTM,No Churn
8949-JTMAY,No Churn
5376-PCKNB,Competitor
5740-YHGTW,No Churn
4869-EPIUS,Competitor
2968-SSGAA,No Churn
8874-EJNSR,Competitor
5343-SGUBI,No Churn
1022-RKXDR,No Churn
5043-TRZWM,No Churn
4854-CIDCF,No Churn
2625-TRCZQ,No Churn
1555-DJEQW,No Churn
9734-UYXQI,No Churn
8401-EMUWF,No Churn
8847-GEOOQ,No Churn
9762-YAQAA,No Churn
0925-VYDLG,No Churn
7277-KAMWT,No Churn
4277-BWBML,No Churn
9681-KYGYB,No Churn
8592-PLTMQ,No Churn
3551-GAEGL,No Churn
7824-PANSQ,No Churn
8571-ZCMCX,No Churn
0505-SPOOW,No Churn
7036-TYDEC,No Churn
4910-GMJOT,No Churn
1169-WCVAK,No Churn
5321-NTRKC,No Churn
0520-FDVVT,No Churn
7636-XUHWW,No Churn
3946-JEWRQ,Competitor
7860-UXCRM,No Churn
8106-GWQOK,No Churn
1728-CXQBE,No Churn
5825-XJOCM,No Churn
1469-LBJQJ,No Churn
5989-AXPUC,No Churn
3633-CDBUW,Competitor
5995-WWKKG,No Churn
2404-JIBFC,Competitor
1431-CYWMH,No Churn
5816-SCGFC,No Churn
4779-ZGICK,Competitor
8735-NBLWT,No Churn
6933-VLYFX,No Churn
4987-GQWPO,Competitor
1488-PBLJN,No Churn
9944-AEXBM,Competitor
1031-IIDEO,No Churn
9767-FFLEM,No Churn
7872-RDDLZ,No Churn
1150-FTQGN,No Churn
5561-NWEVX,No Churn
6145-NNPNO,No Churn
2506-CLAKW,No Churn
4415-IJZTP,No Churn
2578-JQPHZ,No Churn
2798-NYLMZ,No Churn
6258-NGCNG,No Churn
3643-AHCFP,No Churn
1222-KJNZD,No Churn
7850-THJMU,No Churn
6987-XQSJT,No Churn
7963-GQRMY,No Churn
3696-XRIEN,Dissatisfaction
4484-CGXFK,No Churn
0665-XHDJU,No Churn
8280-MQRQN,No Churn
1698-XFZCI,No Churn
9585-KKMFD,No Churn
9117-SHLZX,No Churn
2878-DHMIN,Competitor
1346-UFHAX,Competitor
0439-IFYUN,No Churn
2541-YGPKE,No Churn
7740-BTPUX,No Churn
1075-BGWOH,Competitor
6681-ZSEXG,No Churn
8378-LKJAF,No Churn
5598-IKHQQ,No Churn
4647-MUZON,No Churn
8665-UTDHZ,No Churn
3853-LYGAM,No Churn
6007-TCTST,No Churn
7426-GSWPO,Competitor
4195-PNGZS,No Churn
0142-GVYSN,Competitor
3420-ZDBMA,No Churn
2824-DXNKN,No Churn
8777-MBMTS,No Churn
3320-VEOYC,No Churn
4299-SIMNS,No Churn
0559-CKHUS,No Churn
8739-XNIKG,No Churn
8309-PPCED,No Churn
8548-AWOFC,No Churn
4884-TVUQF,No Churn
5995-OIGLP,No Churn
0585-EGDDA,No Churn
9541-PWTWO,No Churn
0716-BQNDX,Attitude
6319-QSUSR,No Churn
2018-PZKMU,No Churn
0872-JCPIB,No Churn
8050-DVOJX,No Churn
4293-ETKAP,No Churn
6762-QVYJO,No Churn
0027-KWYKW,Competitor
2832-KJCRD,No Churn
1106-HRLKZ,Competitor
2951-QOQTK,Competitor
3966-HRMZA,No Churn
0297-RBCSG,No Churn
7748-UMTRK,Competitor
7853-WNZSY,No Churn
9822-BIIGN,No Churn
5815-HGGHV,No Churn
0639-TSIQW,Competitor
2171-UDMFD,No Churn
1345-ZUKID,No Churn
4458-KVRBJ,No Churn
6723-CEGQI,No Churn
8314-DPQHL,No Churn
9921-EZKBY,No Churn
6849-OYAMU,No Churn
9812-GHVRI,No Churn
7427-AUFPY,No Churn
1236-WFCDV,No Churn
3396-DKDEL,Competitor
4558-FANTW,Competitor
6736-DHUQI,No Churn
5834-ASPWA,No Churn
8019-ENHXU,Competitor
3352-RICWQ,No Churn
7938-OUHIO,No Churn
5056-FIMPT,No Churn
5442-BXVND,No Churn
8292-TYSPY,No Churn
2988-PLAHS,No Churn
4439-JMPMT,No Churn
2017-CCBLH,Competitor
4989-LIXVT,No Churn
4079-ULGFR,No Churn
2379-GYFLQ,No Churn
7982-VCELR,No Churn
0015-UOCOJ,No Churn
3970-XGJDU,No Churn
9931-DCEZH,No Churn
4544-RXFMG,No Churn
2144-ESWKO,No Churn
7898-PDWQE,No Churn
3255-GRXMG,No Churn
3413-BMNZE,No Churn
0270-THENM,No Churn
9330-DHBFL,No Churn
9169-BSVIN,No Churn
9823-EALYC,No Churn
3704-IEAXF,No Churn
2672-DZUOY,No Churn
3212-KXOCR,No Churn
0637-UBJRP,Other
3841-CONLJ,Competitor
9732-KPKBW,No Churn
5150-ITWWB,No Churn
0772-GYEQQ,No Churn
5399-ZIMKF,Dissatisfaction
5766-XQXMQ,No Churn
9828-AOQLM,No Churn
7096-ZNBZI,No Churn
5274-XHAKY,No Churn
7622-FWGEW,No Churn
3179-GBRWV,Price
5569-IDSEY,No Churn
8262-COGGB,No Churn
1845-ZLLIG,No Churn
0130-SXOUN,No Churn
2925-MXLSX,No Churn
5018-LXQQG,No Churn
8745-PVESG,No Churn
6510-UPNKS,Competitor
3486-HOOGQ,Competitor
7206-PQBBZ,No Churn
1481-ZUWZA,Competitor
8224-DWCKX,No Churn
2773-MADBQ,No Churn
4704-ERYFC,No Churn
7408-OFWXJ,No Churn
1766-GKNMI,No Churn
6778-EICRF,No Churn
2565-JSLRY,No Churn
3672-YITQD,No Churn
1589-AGTLK,No Churn
9845-QOMAD,No Churn
1035-IPQPU,No Churn
2190-BCXEC,Competitor
7471-WNSUF,No Churn
4860-YZGZM,Competitor
3750-YHRYO,No Churn
2649-HWLYB,No Churn
6741-EGCBI,No Churn
1258-YMZNM,No Churn
1862-QRWPE,No Churn
0201-MIBOL,Competitor
7492-TAFJD,No Churn
2346-DJQTB,No Churn
8859-YSTWS,Competitor
7452-FOLON,Competitor
6814-ZPWFQ,No Churn
6567-HOOPW,No Churn
6408-WHTEF,Competitor
5980-BDHPY,No Churn
0177-PXBAT,No Churn
4223-BKEOR,No Churn
9680-NIAUV,No Churn
7544-ZVIKX,No Churn
0052-YNYOT,No Churn
1627-AFWVJ,No Churn
9701-CDXHR,No Churn
9221-OTIVJ,No Churn
6331-EWIEB,No Churn
7901-TBKJX,No Churn
6120-RJKLU,No Churn
0080-EMYVY,No Churn
7089-RKVSZ,No Churn
3115-CZMZD,No Churn
9375-MHRRS,No Churn
0867-MKZVY,No Churn
5022-KVDQT,Attitude
5787-KXGIY,No Churn
8329-UTMVM,No Churn
6670-MFRPK,No Churn
7808-DVWEP,No Churn
9168-INPSZ,No Churn
5498-IBWPI,No Churn
8249-THVEC,No Churn
8672-OAUPW,No Churn
2397-BRLOM,No Churn
3973-SKMLN,No Churn
1981-INRFU,No Churn
3373-YZZYM,No Churn
7240-FQLHE,Competitor
4981-FLTMF,No Churn
7041-TXQJH,No Churn
7225-IILWY,No Churn
2277-BKJKN,No Churn
3088-LHEFH,No Churn
5781-RFZRP,No Churn
7781-EWARA,No Churn
1937-OTUKY,Competitor
6692-UDPJC,No Churn
2519-LBNQL,No Churn
5299-RULOA,No Churn
9962-BFPDU,No Churn
9796-BPKIW,Competitor
1877-HKBQX,No Churn
9067-SQTNS,No Churn
2809-ZMYOQ,No Churn
4785-QRJHC,No Churn
0016-QLJIS,No Churn
4184-TJFAN,No Churn
5393-RXQSZ,No Churn
2495-KZNFB,No Churn
1439-LCGVL,Price
5115-GZDEL,Competitor
3318-NMQXL,No Churn
9087-EYCPR,No Churn
5090-EMGTC,No Churn
1197-BVMVG,Competitor
1343-EHPYB,No Churn
3951-NJCVI,No Churn
6777-TGHTM,No Churn
5760-WRAHC,No Churn
2607-FBDFF,No Churn
9039-RBEEE,No Churn
5655-JSMZM,No Churn
3486-NPGST,No Churn
3810-DVDQQ,No Churn
5909-ECHUI,Competitor
2676-OXPPQ,No Churn
1842-EZJMK,No Churn
5396-IZEPB,Competitor
3022-BEXHZ,No Churn
7216-EWTRS,No Churn
3256-EZDBI,No Churn
6339-DKLMK,Competitor
7998-WNZEM,No Churn
6047-SUHPR,No Churn
9588-OZDMQ,No Churn
9450-TRJUU,Competitor
0870-VEMYL,No Churn
7054-ENNGU,No Churn
9362-MWODR,No Churn
0618-XWMSS,No Churn
5456-ITGIC,No Churn
3638-DIMPH,No Churn
9052-DHNKM,No Churn
5699-BNCAS,No Churn
6630-UJZMY,No Churn
2159-TURXX,No Churn
8854-CCVSQ,No Churn
7056-IMHCC,No Churn
8746-OQQRW,No Churn
4822-RVYBB,No Churn
4908-XAXAY,No Churn
9432-VOFYX,Competitor
7854-EDSSA,No Churn
6993-OHLXR,No Churn
4817-KEQSP,No Churn
2672-TGEFF,No Churn
0219-YTZUE,No Churn
2834-JRTUA,No Churn
1559-DTODC,No Churn
3750-RNQKR,No Churn
8178-EYZUO,No Churn
7511-YMXVQ,Competitor
7670-ZBPOQ,No Churn
4919-IKATY,No Churn
7176-WIONM,No Churn
5002-GCQFH,No Churn
4104-PVRPS,No Churn
6890-PFRQX,No Churn
6319-IEJWJ,No Churn
0224-HJAPT,No Churn
1899-VXWXM,No Churn
4273-MBHYA,No Churn
6537-OTKMY,No Churn
6479-VDGRK,Competitor
1550-LOAHA,Attitude
5996-EBTKM,Competitor
8191-XWSZG,No Churn
3401-URHDA,No Churn
2382-BCKQJ,Attitude
8739-WWKDU,No Churn
5542-DHSXL,No Churn
2545-LXYVJ,Other
9220-CXRSC,No Churn
5206-HPJKM,No Churn
9637-CDTKZ,No Churn
7639-LIAYI,No Churn
5248-KWLAR,No Churn
0326-VDYXE,No Churn
2880-FPNAE,No Churn
1038-ZAGBI,No Churn
3496-LFSZU,No Churn
7562-UXTPG,No Churn
8272-ONJLV,No Churn
8922-LIEGH,Competitor
5378-IKEEG,No Churn
9308-ANMVE,Competitor
8049-WJCLQ,No Churn
2057-ZBLPD,Competitor
0674-EYYZV,No Churn
1271-SJBGZ,No Churn
7103-ZGVNT,No Churn
0872-CASZJ,No Churn
0508-OOLTO,No Churn
4900-MSOMT,No Churn
4367-NUYAO,No Churn
3460-TJBWI,Competitor
9809-IMGCQ,No Churn
4950-HKQTE,No Churn
0667-NSRGI,No Churn
5125-CNDSP,No Churn
9867-JCZSP,No Churn
9503-XJUME,No Churn
1328-EUZHC,No Churn
9938-TKDGL,No Churn
4291-HYEBC,No Churn
3346-BRMIS,No Churn
1063-DHQJF,No Churn
7252-NTGSS,No Churn
4236-XPXAV,No Churn
6402-ZFPPI,No Churn
5022-JNQEQ,Competitor
0601-WZHJF,No Churn
3272-VUHPV,No Churn
5035-BVCXS,No Churn
0515-YPMCW,No Churn
6869-FGJJC,No Churn
4489-SNOJF,No Churn
5183-SNMJQ,No Churn
3118-UHVVQ,No Churn
4905-JEFDW,Attitude
8443-WVPSS,Attitude
2673-CXQEU,No Churn
8480-PPONV,No Churn
1410-RSCMR,No Churn
7297-DVYGA,No Churn
8309-IEYJD,No Churn
2961-VNFKL,No Churn
7356-IWLFW,Competitor
4063-EIKNQ,No Churn
6215-NQCPY,Competitor
5018-GWURO,Competitor
9861-PDSZP,No Churn
4682-BLBUC,No Churn
0867-LDTTC,No Churn
2308-STERM,No Churn
9373-WSLOY,No Churn
2055-SIFSS,No Churn
2351-RRBUE,No Churn
5536-RTPWK,Competitor
7803-XOCCZ,No Churn
1820-DJFPH,Competitor
3177-LASXD,No Churn
6653-CBBOM,No Churn
9625-RZFUK,No Churn
6818-WOBHJ,No Churn
5832-TRLPB,No Churn
3688-FTHLT,No Churn
3308-MHOOC,No Churn
1703-MGIAB,No Churn
8051-HJRLT,Competitor
3703-KBKZP,No Churn
2717-HVIZY,No Churn
0020-JDNXP,No Churn
9150-HEPMB,Dissatisfaction
2725-KXXWT,No Churn
7245-NIIWQ,No Churn
6701-YVNQG,No Churn
4703-MQYKT,Competitor
2001-EWBQU,No Churn
7123-WQUHX,No Churn
3572-UUHRS,Dissatisfaction
7798-JVXYM,No Churn
0956-SYCWG,Price
6969-MVBAI,No Churn
1302-TPUBN,Dissatisfaction
4818-QIUFN,No Churn
6457-USBER,Competitor
2725-IWWBA,Competitor
7302-ZHMHP,No Churn
3764-MNMOI,No Churn
1212-GLHMD,No Churn
1032-MAELW,No Churn
3104-OWCGK,No Churn
1045-LTCYT,No Churn
3181-VTHOE,No Churn
1360-JYXKQ,No Churn
1926-QUZNN,No Churn
5093-FEGLU,No Churn
4115-NZRKS,No Churn
0930-EHUZA,No Churn
2511-MORQY,No Churn
6350-XFYGW,No Churn
8707-RMEZH,No Churn
5049-MUBWG,No Churn
7351-KYHQH,No Churn
9294-TDIPC,No Churn
0637-YLETY,No Churn
2691-NZETQ,No Churn
8327-LZKAS,No Churn
9073-ZZIAY,Competitor
9495-REDIY,Competitor
4976-LNFVV,Competitor
7826-VVKWT,No Churn
0375-HVGXO,No Churn
1385-TQOZW,Attitude
3503-TYDAY,No Churn
7228-OMTPN,No Churn
3766-EJLFL,No Churn
2446-BEGGB,Competitor
5482-PLVPE,No Churn
4402-FTBXC,No Churn
3934-HXCFZ,No Churn
5961-VUSRV,No Churn
5619-PTMIK,No Churn
8017-LXHFA,No Churn
8231-BSWXX,No Churn
2466-FCCPT,No Churn
5025-GOOKI,No Churn
1215-VFYVK,Competitor
3376-BMGFE,No Churn
8143-ETQTI,No Churn
9819-FBNSV,No Churn
6137-NICCO,No Churn
0999-QXNSA,No Churn
5144-PQCDZ,Competitor
2960-NKRSO,No Churn
4488-KQFDT,No Churn
8020-BWHYL,No Churn
4446-BZKHU,No Churn
4359-INNWN,No Churn
6745-JEFZB,Competitor
9242-TKFSV,No Churn
4672-FOTSD,Competitor
1087-UDSIH,No Churn
3398-FSHON,No Churn
1371-OJCEK,No Churn
0384-RVBPI,No Churn
7120-RFMVS,No Churn
9223-UCPVT,Competitor
9739-JLPQJ,No Churn
0687-ZVTHB,No Churn
4536-PLEQY,No Churn
9444-JTXHZ,No Churn
3148-BLQJT,No Churn
3569-EDBPQ,No Churn
2300-RQGOI,Competitor
4057-FKCZK,No Churn
3074-GQWYX,No Churn
3090-HAWSU,No Churn
6242-MBHPK,No Churn
0455-ENTCR,No Churn
7133-VBDCG,No Churn
0690-SRQID,No Churn
4951-UKAAQ,No Churn
2234-EOFPT,No Churn
2680-XKKNJ,No Churn
5338-YHWYT,Dissatisfaction
0489-WMEMG,No Churn
2632-TACXW,No Churn
2275-RBYQS,No Churn
9526-JAWYF,No Churn
3192-NQECA,No Churn
7994-XIRTR,Price
0848-ZGQIJ,No Churn
9677-AVKED,No Churn
3629-WEAAM,No Churn
2453-SAFNS,No Churn
6481-LXPWL,No Churn
8775-ERLNB,No Churn
1555-HAPSU,No Churn
0885-HMGPY,No Churn
1041-RXHRA,No Churn
9095-HFAFX,No Churn
0285-INHLN,No Churn
8909-BOLNL,No Churn
6252-DFGTK,No Churn
6734-PSBAW,No Churn
0235-KGSLC,No Churn
7752-XUSCI,No Churn
8082-GHXOP,No Churn
1635-NZATJ,No Churn
3120-FAZKD,No Churn
6854-EXGSF,No Churn
0225-ZORZP,No Churn
4482-EWFMI,No Churn
0967-BMLBD,No Churn
6728-WYQBC,Competitor
1897-OKVMW,Competitor
3235-ETOOB,No Churn
3717-OEAUQ,No Churn
1177-XZBJL,No Churn
3714-NTNFO,No Churn
9398-MMQTO,No Churn
0191-ZHSKZ,No Churn
2364-UFROM,No Churn
7601-GNDYK,No Churn
6595-COKXZ,No Churn
2085-JVGAD,Competitor
8404-FYDIB,No Churn
9365-SRSZE,No Churn
4115-UMJFQ,Attitude
5968-HYJRZ,No Churn
4351-QLCSU,No Churn
8327-WKMIE,Competitor
5524-KHNJP,No Churn
5896-NPFWW,No Churn
5976-JCJRH,No Churn
5039-LZRQT,No Churn
0537-QYZZN,No Churn
0939-YAPAF,Dissatisfaction
9473-CBZOP,No Churn
5868-YTYKS,No Churn
8185-UPYBR,No Churn
9770-LXDBK,No Churn
6439-GTPCA,No Churn
6484-LATFU,No Churn
5472-CVMDX,Competitor
9548-LERKT,No Churn
0691-IFBQW,Dissatisfaction
7205-BAIAD,No Churn
1480-BKXGA,No Churn
4942-VZZOM,No Churn
0265-PSUAE,No Churn
6198-ZFIOJ,Competitor
3717-OFRTN,No Churn
3536-IQCTX,No Churn
4795-UXVCJ,No Churn
9717-QEBGU,No Churn
9921-QFQUL,No Churn
0620-XEFWH,No Churn
1403-LKLIK,No Churn
4334-HOWRP,No Churn
2272-JKMSI,No Churn
3682-YEUWS,No Churn
8000-REIQB,No Churn
7130-YXBRO,No Churn
7008-LZVOZ,No Churn
2267-FPIMA,No Churn
3547-LQRIK,No Churn
5061-PBXFW,No Churn
9814-AOUDH,No Churn
5032-MIYKT,No Churn
8242-PDSGJ,No Churn
7338-ERIVA,No Churn
1755-FZQEC,No Churn
8902-ZEOVF,No Churn
9249-FXSCK,No Churn
1696-MZVAU,No Churn
6202-DYYFX,Competitor
0880-TKATG,No Churn
4836-WNFNO,No Churn
5651-YLPRD,No Churn
5276-KQWHG,No Churn
8563-OYMQY,Competitor
6122-LJADA,No Churn
2507-QZPQS,No Churn
2209-XADXF,No Churn
3161-ONRWK,No Churn
9776-CLUJA,No Churn
0048-LUMLS,No Churn
9494-BDNNC,Attitude
3911-RSNHI,Dissatisfaction
5918-VUKWP,No Churn
2348-KCJLT,No Churn
6575-SUVOI,Competitor
7868-TMWMZ,No Churn
0682-USIXD,No Churn
5499-ECUTN,Competitor
7291-CDTMJ,No Churn
6103-QCKFX,No Churn
8260-NGFNY,Competitor
4765-OXPPD,No Churn
8207-DMRVL,Competitor
5504-WSIUR,Competitor
1444-VVSGW,No Churn
9408-SSNVZ,No Churn
7124-UGSUR,Attitude
0625-AFOHS,No Churn
0988-AADSA,No Churn
5747-PMBSQ,No Churn
6963-EZQEE,No Churn
9435-JMLSX,No Churn
8849-AYPTR,No Churn
6582-PLFUU,No Churn
2962-XPMCQ,No Churn
3696-DFHHB,No Churn
4815-YOSUK,No Churn
3077-RSNTJ,No Churn
4883-QICIH,No Churn
9541-ZPSEA,Competitor
2332-TODQS,Competitor
4091-TVOCN,No Churn
4911-BANWH,No Churn
7779-LGOVN,No Churn
0549-CYCQN,No Churn
3440-JPSCL,No Churn
4778-IZARL,Competitor
8519-IMDHU,Competitor
3453-RTHJQ,No Churn
5995-LFTLE,Attitude
9565-FLVCG,No Churn
3071-MVJCD,No Churn
7853-OETYL,Competitor
5895-QSXOD,No Churn
6023-YEBUP,No Churn
8898-KASCD,No Churn
6377-KSLXC,Competitor
7746-AWNQW,No Churn
4079-WWQQQ,Competitor
2792-LSHWX,No Churn
7054-DMVAS,No Churn
8398-TBIYD,No Churn
9565-JSNFM,Competitor
5676-CFLYY,No Churn
5032-USPKF,Competitor
0118-JPNOY,No Churn
4056-QHXHZ,No Churn
9743-DQKQW,No Churn
5201-FRKKS,Attitude
2528-HFYZX,No Churn
6481-OGDOO,Competitor
4429-WYGFR,No Churn
8087-LGYHQ,No Churn
8344-WFMFH,No Churn
9371-BITHB,No Churn
8008-HAWED,No Churn
0334-ZFJSR,No Churn
9227-YBAXE,Competitor
2065-MMKGR,No Churn
4685-ERGHK,No Churn
0504-HHAPI,Dissatisfaction
9746-UGFAC,No Churn
9518-XXBXE,No Churn
2650-GYRYL,No Churn
0697-ZMSWS,No Churn
2309-OSFEU,No Churn
8345-MVDYC,No Churn
9965-YOKZB,No Churn
3160-TYXLT,Competitor
7142-HVGBG,No Churn
8232-UTFOZ,No Churn
6485-QXWWE,No Churn
9624-EGDEQ,No Churn
6583-SZVGP,No Churn
9722-UJOJR,No Churn
5567-GZKQY,No Churn
3063-QFSZL,No Churn
6416-JNVRK,No Churn
0786-VSSUD,Attitude
9912-GVSEQ,No Churn
2378-HTWFW,No Churn
2530-FMFXO,No Churn
5057-LCOUI,No Churn
1574-DYCWE,No Churn
8873-TMKGR,No Churn
6956-SMUCM,No Churn
4194-WHFCB,No Churn
0207-MDKNV,No Churn
2842-BCQGE,Competitor
6168-YBYNP,No Churn
2587-YNLES,No Churn
8166-ORCHU,No Churn
9028-LIHRP,No Churn
1304-NECVQ,No Churn
0835-JKADZ,No Churn
5656-MJEFC,Competitor
5989-OMNJE,No Churn
1095-JUDTC,No Churn
6980-IMXXE,No Churn
4495-LHSSK,Competitor
2410-CIYFZ,No Churn
2889-FPWRM,No Churn
6100-FJZDG,No Churn
5597-GLBUC,No Churn
7711-YIJWC,No Churn
9659-ZTWSM,No Churn
7137-NAXML,No Churn
2720-FVBQP,No Churn
9046-DQMTP,No Churn
0536-ESJEP,No Churn
2235-ZGKPT,No Churn
4195-NZGTA,No Churn
8404-VIOMB,Competitor
1918-ZBFQJ,No Churn
5199-FPUSP,No Churn
1575-KRZZE,No Churn
7182-OVLBJ,No Churn
3801-HMYNL,No Churn
6872-HXFNF,No Churn
3528-HFRIQ,No Churn
1090-PYKCI,Attitude
9862-KJTYK,No Churn
9670-BPNXF,No Churn
7610-TVOPG,No Churn
9286-BHDQG,No Churn
5505-OVWQW,No Churn
0475-RIJEP,Competitor
0206-TBWLC,No Churn
9575-IWCAZ,Competitor
9501-UKKNL,No Churn
0348-SDKOL,No Churn
7343-EOBEU,Competitor
0946-CLJTI,No Churn
4472-VESGY,No Churn
8129-GMVGI,No Churn
6458-CYIDZ,No Churn
7603-USHJS,No Churn
6923-AQONU,No Churn
8406-LNMHF,No Churn
2108-YKQTY,Attitude
1423-BMPBQ,No Churn
4143-OOBWZ,No Churn
0384-LPITE,No Churn
2105-PHWON,No Churn
6051-PTVNS,Competitor
2778-OCLGR,Competitor
5288-AHOUP,No Churn
2782-LFZVW,No Churn
2091-RFFBA,No Churn
1972-XMUWV,Competitor
8404-GFGCZ,No Churn
3137-LUPIX,No Churn
0778-NELLA,No Churn
0396-YCHWO,No Churn
8945-GRKHX,No Churn
5666-CYCYZ,No Churn
4654-DLAMQ,No Churn
3768-VHXQO,No Churn
5982-FPVQN,Attitude
1194-SPVSP,No Churn
1240-KNSEZ,Competitor
0018-NYROU,No Churn
3221-CJMSG,No Churn
3753-TSEMP,No Churn
0137-UDEUO,No Churn
5136-RGMZO,No Churn
0512-FLFDW,No Churn
4776-XSKYQ,Competitor
0151-ONTOV,No Churn
1459-QNFQT,No Churn
6122-EFVKN,No Churn
5791-KAJFD,No Churn
8999-BOHSE,No Churn
1223-UNPKS,No Churn
8263-OKETD,No Churn
5331-RGMTT,Competitor
6917-IAYHD,No Churn
2234-XADUH,No Churn
5572-ZDXHY,No Churn
8565-HBFNN,No Churn
1448-PWKYE,Price
8879-XUAHX,No Churn
7128-GGCNO,No Churn
1116-FRYVH,No Churn
1061-PNTHC,No Churn
9755-JHNMN,Competitor
3030-ZKIWL,Attitude
5996-NRVXR,Competitor
2371-JUNGC,Attitude
4992-LTJNE,No Churn
8626-PTQGE,Competitor
0839-QNXME,No Churn
6898-RBTLU,Competitor
9330-VOFSZ,No Churn
4829-AUOAX,No Churn
1730-VFMWO,No Churn
7734-DBOAI,No Churn
9488-FYQAU,No Churn
2227-JRSJX,Competitor
5066-GFJMM,No Churn
3658-QQJYD,No Churn
3057-VJJQE,No Churn
3429-IFLEM,No Churn
4518-FZBSX,No Churn
3173-WSSUE,Competitor
8219-VYBVI,No Churn
9114-AAFQH,No Churn
9451-WLYRI,No Churn
0886-QGENL,Competitor
3466-RITXD,No Churn
5356-RHIPP,No Churn
8148-BPLZQ,No Churn
4946-EDSEW,No Churn
6578-KRMAW,Price
8245-UMPYT,Competitor
8884-MRNSU,No Churn
4980-URKXC,No Churn
7760-OYPDY,No Churn
2305-MRGLV,No Churn
1501-SGHBW,Competitor
3538-WZPHD,Competitor
3318-OSATS,No Churn
2731-GJRDG,No Churn
9924-JPRMC,No Churn
7156-MHUGY,No Churn
2873-ZLIWT,Competitor
3577-AMVUX,No Churn
6143-JQKEA,No Churn
2988-GBIVW,No Churn
6166-YIPFO,Price
2892-GESUL,No Churn
3707-LRWZD,No Churn
3164-AALRN,No Churn
3009-JWMPU,No Churn
4623-ZKHLY,No Churn
7975-JMZNT,No Churn
2609-IAICY,No Churn
7083-YNSKY,No Churn
7009-LGECI,No Churn
4476-OSWTN,No Churn
4503-BDXBD,No Churn
5028-GZLDO,No Churn
6918-UMQCG,No Churn
2040-XBAVJ,No Churn
0436-TWFFZ,No Churn
9850-OWRHQ,No Churn
5780-INQIK,No Churn
2672-HUYVI,No Churn
1684-FLBGS,No Churn
2150-OEGBV,No Churn
4735-BJKOU,No Churn
8519-QJGJD,No Churn
4329-YPDDQ,No Churn
4718-WXBGI,No Churn
3807-BPOMJ,No Churn
0345-HKJVM,No Churn
6641-XRPSU,Dissatisfaction
4227-OJHAL,Competitor
9253-VIFJQ,No Churn
9070-BCKQP,No Churn
7067-KSAZT,Competitor
0516-WJVXC,No Churn
8901-HJXTF,No Churn
6034-YMTOB,No Churn
9274-CNFMO,No Churn
9467-ROOLM,No Churn
3889-VWBID,No Churn
5562-YJQGT,No Churn
0495-ZBNGW,No Churn
3283-WCWXT,No Churn
3797-VTIDR,Attitude
4522-XRWWI,No Churn
5151-HQRDG,No Churn
6357-JJPQT,No Churn
8966-KZXXA,No Churn
5960-WPXQM,Competitor
7159-NOKYQ,No Churn
0330-BGYZE,No Churn
6270-OMFIW,No Churn
4925-LMHOK,Competitor
9134-CEQMF,Attitude
6198-RTPMF,No Churn
3590-TCXTB,Competitor
0607-DAAHE,No Churn
4441-NIHPT,Competitor
6900-RBKER,Competitor
6112-KTHFQ,No Churn
6898-MDLZW,Competitor
9253-QXKBE,No Churn
6177-PEVRA,No Churn
1810-MVMAI,No Churn
2834-SPCJV,No Churn
3207-OYBWH,No Churn
1353-GHZOS,No Churn
6243-OZGFH,No Churn
5702-SKUOB,No Churn
5382-SOYZL,No Churn
6754-LZUKA,No Churn
6698-OXETB,No Churn
2860-RANUS,No Churn
4011-ARPHK,No Churn
9257-AZMTZ,Competitor
6134-KWTBV,No Churn
1465-WCZVT,No Churn
8276-MQBYC,No Churn
1265-HVPZB,No Churn
3800-LYTRK,No Churn
1430-SFQSA,No Churn
5075-JSDKI,No Churn
0322-CHQRU,No Churn
9578-VRMNM,No Churn
2402-TAIRZ,No Churn
1685-BQULA,No Churn
4565-EVZMJ,No Churn
2452-MRMZF,No Churn
8229-BUJHX,No Churn
8903-WMRNW,Competitor
4827-LTQRJ,No Churn
9522-BNTHX,No Churn
9940-HPQPG,No Churn
6360-SVNWV,No Churn
5698-BQJOH,No Churn
4193-ORFCL,No Churn
9110-HSGTV,No Churn
3956-CJUST,No Churn
9137-UIYPG,No Churn
8775-CEBBJ,No Churn
0813-TAXXS,Competitor
5899-OUVKV,No Churn
8544-GOQSH,No Churn
4890-VMUAV,No Churn
9415-ZNBSX,No Churn
5138-WVKYJ,No Churn
2956-GGUCQ,No Churn
9584-EXCDZ,No Churn
8806-EAGWC,No Churn
1293-HHSHJ,No Churn
9327-QSDED,No Churn
0064-SUDOG,No Churn
0052-DCKON,No Churn
7943-RQCHR,No Churn
2926-JEJJC,No Churn
7176-WRTNX,No Churn
2482-CZGBB,Competitor
0931-MHTEM,Competitor
2810-FTLEM,No Churn
2468-SJFLM,Competitor
8868-WOZGU,No Churn
3571-DPYUH,Competitor
9544-PYPSJ,No Churn
1591-XWLGB,Competitor
1120-BMWUB,No Churn
4742-TXUEX,No Churn
0264-CNITK,No Churn
5386-THSLQ,No Churn
1779-PWPMG,No Churn
6169-PGNCD,No Churn
9742-XOKTS,Price
2038-OEQZH,No Churn
0048-PIHNL,Dissatisfaction
8107-KNCIM,No Churn
2067-QYTCF,No Churn
5010-IPEAQ,No Churn
0871-URUWO,No Churn
7730-CLDSV,No Churn
0422-OHQHQ,No Churn
3544-FBCAS,No Churn
9492-TOKRI,No Churn
6907-CQGPN,No Churn
4822-YCXMX,No Churn
4698-KVLLG,No Churn
3426-NIYYL,No Churn
7017-VFHAY,No Churn
8204-YJCLA,No Churn
6888-SBYAI,No Churn
5793-YOLJN,Attitude
5108-ADXWO,No Churn
9919-YLNNG,No Churn
6729-FZWSY,No Churn
1960-UYCNN,Attitude
2626-VEEWG,No Churn
7593-JNWRU,Attitude
4353-HYOJD,No Churn
6203-HBZPA,No Churn
4547-FZJWE,No Churn
7469-LKBCI,Other
0406-BPDVR,No Churn
0121-SNYRK,Competitor
8237-ULIXL,No Churn
6181-AXXYF,No Churn
8434-PNQZX,No Churn
6559-ILWKJ,No Churn
5663-QBGIS,No Churn
6844-DZKRF,No Churn
4576-CSAJH,Competitor
0442-TDYUO,No Churn
2474-BRUCM,No Churn
6905-NIQIN,No Churn
3990-QYKBE,No Churn
1891-UAWWU,No Churn
4950-BDEUX,No Churn
0461-CVKMU,No Churn
2987-BJXIK,No Churn
9191-MYQKX,No Churn
1965-AKTSX,No Churn
5016-LIPDW,No Churn
0369-ZGOVK,No Churn
3785-NRHYR,No Churn
1097-FSPVW,No Churn
5816-QVHRX,No Churn
3745-HRPHI,No Churn
8285-ABVLB,No Churn
3230-IUALN,No Churn
8640-SDGKB,No Churn
3108-PCCGG,No Churn
8258-GSTJK,No Churn
2000-DHJUY,No Churn
4967-WPNCF,No Churn
4486-EFAEB,No Churn
1852-XEMDW,No Churn
7629-WFGLW,No Churn
1057-FOGLZ,No Churn
6999-CHVCF,No Churn
7016-NVRIC,No Churn
4299-OPXEJ,Competitor
7445-WMRBW,Other
4335-UPJSI,No Churn
3296-SILRA,No Churn
6080-TCMYC,Attitude
5599-HVLTW,No Churn
1421-HCERK,No Churn
3813-DHBBB,No Churn
7488-MXJIV,No Churn
2642-DTVCO,No Churn
3896-RCYYE,No Churn
3034-ZBEQN,No Churn
5197-LQXXH,No Churn
7789-HKSBS,No Churn
0386-CWRGM,No Churn
3873-WOSBC,No Churn
5175-AOBHI,No Churn
2495-INZWQ,Competitor
5240-IJOQT,No Churn
9577-WJVCQ,No Churn
9699-UBQFS,No Churn
8859-AXJZP,No Churn
7858-GTZSP,No Churn
4680-KUTAJ,No Churn
4893-GYUJU,Competitor
1080-BWSYE,No Churn
3143-JQEGI,Competitor
6786-OBWQR,No Churn
6693-FRIRW,Competitor
9689-PTNPG,Competitor
7315-WYOAW,No Churn
5027-XWQHA,No Churn
8849-PRIQJ,No Churn
4791-QRGMF,Competitor
8250-ZNGGW,No Churn
3096-YXENJ,Competitor
8985-OOPOS,No Churn
0196-VULGZ,No Churn
0795-XCCTE,Competitor
5346-BZCHP,No Churn
4707-MAXGU,No Churn
5260-UMPWX,No Churn
3717-FDJFU,No Churn
9033-EOXWV,Competitor
0562-HKHML,Attitude
9591-YVTEB,No Churn
6500-JVEGC,No Churn
5495-GPSRW,No Churn
2832-SCUCO,No Churn
4654-GGUII,Competitor
0292-WEGCH,No Churn
6923-JHPMP,No Churn
7629-WIXZF,No Churn
9625-QSTYE,No Churn
1184-PJVDB,No Churn
6919-ELBGL,No Churn
2612-RRIDN,No Churn
1583-IHQZE,No Churn
2478-EEWWM,Attitude
0310-MVLET,No Churn
6447-GORXK,No Churn
7718-RXDGG,No Churn
4763-PGDPO,No Churn
7622-NXQZR,No Churn
1565-RHDJD,Attitude
9917-KWRBE,No Churn
8263-JQAIK,Competitor
5173-ZXXXL,No Churn
8884-ADFVN,No Churn
2754-VDLTR,No Churn
5307-UVGNB,Competitor
3722-WPXTK,No Churn
3786-WOVKF,No Churn
7781-HVGMK,No Churn
3908-BLSYF,No Churn
1670-SVOWZ,No Churn
0572-ZJKLT,Competitor
1813-JLKWR,No Churn
8778-LMWTJ,Competitor
4837-PZTIC,No Churn
2669-QVCRG,No Churn
1353-LJWEM,Competitor
0875-CABNR,No Churn
1465-LNTLJ,No Churn
7795-CFOCW,No Churn
5956-YHHRX,No Churn
3345-JHUEO,No Churn
6925-BAYGL,Competitor
9643-AVVWI,No Churn
4611-ANLQC,No Churn
2603-HVKCG,No Churn
1393-IMKZG,No Churn
4584-LBNMK,No Churn
9860-LISIZ,No Churn
5419-CONWX,No Churn
5803-NQJZO,No Churn
0219-QAERP,Price
2460-NGXBJ,No Churn
9430-NKQLY,No Churn
3891-NLXJB,No Churn
9600-UDOPK,No Churn
0256-LTHVJ,Attitude
7018-FPXHH,No Churn
7952-OBOYL,No Churn
8259-DZLIZ,No Churn
2815-CPTUL,No Churn
1226-JZNKR,No Churn
6121-TNHBO,No Churn
9798-DRYDS,Competitor
3096-IZETN,No Churn
2812-ENYMO,No Churn
1791-PQHBB,Competitor
2883-ILGWO,Competitor
5868-YWPDW,No Churn
1635-FJFCC,No Churn
4910-AQFFX,No Churn
3351-NQLDI,No Churn
5686-CMAWK,No Churn
6516-NKQBO,No Churn
5424-RLQLC,No Churn
3374-PZLXD,No Churn
7794-JASDG,Competitor
1202-KKGFU,No Churn
9220-ZNKJI,No Churn
2476-YGEFM,No Churn
0362-RAOQO,Competitor
8661-BOYNW,No Churn
6794-HKIAJ,No Churn
0195-IESCP,No Churn
4106-HADHQ,No Churn
2888-ADFAO,No Churn
4873-ILOLJ,No Churn
4232-JGKIY,No Churn
8908-NMQTX,No Churn
6040-CGACY,Dissatisfaction
8198-RKSZG,No Churn
8552-OBVRU,No Churn
0673-IGUQO,No Churn
1987-AUELQ,No Churn
3594-BDSOA,No Churn
5071-FBJFS,Competitor
7765-LWVVH,No Churn
1293-BSEUN,No Churn
7037-MTYVW,No Churn
4587-VVTOX,No Churn
7716-YTYHG,No Churn
7649-PHJVR,No Churn
7855-DIWPO,No Churn
8197-BFWVU,No Churn
=======
9938-EKRGF,1
7379-POKDZ,0
0654-HMSHN,0
2045-BMBTJ,0
0701-TJSEF,1
1226-UDFZR,0
9225-BZLNZ,0
2754-SDJRD,1
2254-DLXRI,0
3629-ZNKXA,1
2636-SJDOU,0
0921-OHLVP,0
6689-VRRTK,4
2858-EIMXH,0
5175-WLYXL,0
0643-OKLRP,3
3097-PYWXL,0
5968-VXZLG,0
9029-FEGVJ,0
4661-NJEUX,0
6620-JDYNW,5
7605-BDWDC,1
5136-GFPMB,0
6261-LHRTG,0
7033-CLAMM,0
6821-BUXUX,0
4072-IPYLT,0
4134-BSXLX,3
0895-DQHEW,0
9313-CDOGY,0
3771-PZOBW,0
5307-DZCVC,0
1729-VLAZJ,0
7558-IMLMT,1
3389-KTRXV,0
4800-VHZKI,0
6429-SHBCB,0
2592-YKDIF,0
0980-FEXWF,0
8670-MEFCP,0
4664-NJCMS,3
7319-ZNRTR,0
3877-JRJIP,0
1552-TKMXS,0
6297-NOOPG,0
1919-RTPQD,0
1088-CNNKB,1
2187-PKZAY,0
2466-NEJOJ,0
2969-VAPYH,1
4971-PUYQO,1
9638-JIQYA,0
3251-YMVWZ,0
8680-CGLTP,3
6521-YYTYI,0
9314-IJWSQ,0
9953-ZMKSM,1
6265-SXWBU,0
4223-WOZCM,0
9619-GSATL,0
0129-KPTWJ,0
7010-BRBUU,0
1303-SRDOK,0
5394-SVGJV,1
5726-CVNYA,0
0567-XRHCU,0
5299-SJCZT,0
3091-FYHKI,1
5515-IDEJJ,0
9644-KVCNC,0
5233-AOZUF,0
2812-SFXMJ,0
3156-QLHBO,0
4445-KWOKW,1
4250-ZBWLV,0
9847-HNVGP,0
0022-TCJCI,0
6180-YBIQI,0
1099-GODLO,0
7228-PAQPD,0
3336-JORSO,2
0946-FKYTX,4
8642-GVWRF,1
4398-HSCJH,0
0962-CQPWQ,0
8984-HPEMB,0
7102-JJVTX,0
2207-QPJED,0
5923-GXUOC,0
6261-RCVNS,0
1442-OKRJE,0
4018-PPNDW,0
9025-ZRPVR,0
7845-URHJN,0
4302-ZYFEL,1
3415-TAILE,0
4007-NHVHI,0
4140-WJAWW,0
8869-LIHMK,1
4822-NGOCH,0
2637-FKFSY,4
0303-UNCIP,0
6870-ECSHE,0
7567-ECMCM,0
5575-GNVDE,0
3106-ULWFW,4
4451-RWASJ,0
4508-OEBEY,0
3146-JTQHR,1
8757-TFHHJ,0
1163-VIPRI,0
3258-SYSWS,0
9867-NNXLC,0
8207-VVMYB,0
4487-ZYJZK,0
1355-KUSBG,1
7799-LGRDP,0
5981-ZVXOT,0
4955-VCWBI,1
4659-NZRUF,1
4588-YBNIB,0
0880-FVFWF,0
6770-XUAGN,2
0485-ZBSLN,0
3597-YASZG,0
2971-SGAFL,0
4424-TKOPW,0
7694-VLBWQ,0
9871-ELEYA,0
4020-KIUDI,0
3318-ISQFQ,0
0895-LNKRC,0
7349-ALMUX,0
6374-NTQLP,0
3096-JRDSO,0
9018-PCIOK,0
9436-ZBZCT,0
4685-TFLLS,0
5707-ORNDZ,1
5248-RPYWW,0
8714-CTZJW,1
6689-KXGBO,0
5126-RCXYW,0
7460-ITWWP,0
9909-DFRJA,0
7134-HBPBS,0
0734-OXWBT,0
4815-GBTCD,0
7020-OZKXZ,1
3133-PZNSR,0
9385-EHGDO,0
8644-XYTSV,0
7547-EKNFS,0
9700-ISPUP,0
9831-BPFRI,1
5481-NTDOH,0
7180-PISOG,1
2692-BUCFV,0
3354-OADJP,0
6680-NENYN,0
3387-PLKUI,1
9894-EZEWG,0
3061-BCKYI,1
4323-ELYYB,2
1333-PBMXB,1
4945-RVMTE,0
9508-ILZDG,0
6927-WTFIV,1
6339-YPSAH,0
9754-CLVZW,0
2809-ILCYT,0
3870-MQAMG,1
2212-LYASK,1
2800-VEQXM,0
0298-XACET,0
0428-AXXLJ,0
7993-PYKOF,0
6608-QQLVK,0
1577-HKTFG,0
6348-SNFUS,1
1230-QAJDW,0
7395-XWZOY,0
6281-FKEWS,0
9355-NPPFS,1
7055-JCGNI,0
8383-SGHJU,0
9025-AOMKI,0
3521-HTQTV,0
1907-YLNYW,0
6416-YJTTB,0
2511-ALLCS,0
4129-LYCOI,5
8652-YHIYU,0
9067-YGSCA,0
9552-TGUZV,0
6072-NUQCB,0
2219-MVUSO,0
8067-NIOYM,0
8155-IBNHG,0
4833-QTJNO,0
3627-FCRDW,0
9332-GYWLO,0
8314-HTWVE,0
3836-FZSDJ,0
0248-PGHBZ,0
6388-TABGU,0
9066-QRSDU,5
5914-DVBWJ,0
8582-KRHPJ,0
4548-SDBKE,0
0458-HEUZG,0
5329-KRDTM,0
8949-JTMAY,0
5376-PCKNB,1
5740-YHGTW,0
4869-EPIUS,1
2968-SSGAA,0
8874-EJNSR,0
5343-SGUBI,0
1022-RKXDR,0
5043-TRZWM,0
4854-CIDCF,0
2625-TRCZQ,0
1555-DJEQW,0
9734-UYXQI,0
8401-EMUWF,0
8847-GEOOQ,0
9762-YAQAA,4
0925-VYDLG,0
7277-KAMWT,0
4277-BWBML,0
9681-KYGYB,0
8592-PLTMQ,0
3551-GAEGL,0
7824-PANSQ,0
8571-ZCMCX,1
0505-SPOOW,0
7036-TYDEC,0
4910-GMJOT,0
1169-WCVAK,0
5321-NTRKC,0
0520-FDVVT,0
7636-XUHWW,0
3946-JEWRQ,0
7860-UXCRM,0
8106-GWQOK,0
1728-CXQBE,1
5825-XJOCM,0
1469-LBJQJ,1
5989-AXPUC,0
3633-CDBUW,0
5995-WWKKG,0
2404-JIBFC,0
1431-CYWMH,0
5816-SCGFC,0
4779-ZGICK,0
8735-NBLWT,0
6933-VLYFX,0
4987-GQWPO,0
1488-PBLJN,0
9944-AEXBM,0
1031-IIDEO,0
9767-FFLEM,0
7872-RDDLZ,0
1150-FTQGN,0
5561-NWEVX,0
6145-NNPNO,0
2506-CLAKW,0
4415-IJZTP,0
2578-JQPHZ,0
2798-NYLMZ,0
6258-NGCNG,0
3643-AHCFP,0
1222-KJNZD,0
7850-THJMU,0
6987-XQSJT,0
7963-GQRMY,0
3696-XRIEN,0
4484-CGXFK,0
0665-XHDJU,0
8280-MQRQN,0
1698-XFZCI,0
9585-KKMFD,0
9117-SHLZX,0
2878-DHMIN,0
1346-UFHAX,0
0439-IFYUN,0
2541-YGPKE,0
7740-BTPUX,0
1075-BGWOH,1
6681-ZSEXG,0
8378-LKJAF,0
5598-IKHQQ,0
4647-MUZON,0
8665-UTDHZ,0
3853-LYGAM,1
6007-TCTST,1
7426-GSWPO,0
4195-PNGZS,0
0142-GVYSN,1
3420-ZDBMA,0
2824-DXNKN,0
8777-MBMTS,0
3320-VEOYC,0
4299-SIMNS,1
0559-CKHUS,1
8739-XNIKG,0
8309-PPCED,0
8548-AWOFC,0
4884-TVUQF,1
5995-OIGLP,1
0585-EGDDA,0
9541-PWTWO,2
0716-BQNDX,0
6319-QSUSR,0
2018-PZKMU,0
0872-JCPIB,0
8050-DVOJX,0
4293-ETKAP,0
6762-QVYJO,0
0027-KWYKW,1
2832-KJCRD,0
1106-HRLKZ,0
2951-QOQTK,1
3966-HRMZA,2
0297-RBCSG,0
7748-UMTRK,0
7853-WNZSY,1
9822-BIIGN,1
5815-HGGHV,0
0639-TSIQW,1
2171-UDMFD,0
1345-ZUKID,1
4458-KVRBJ,0
6723-CEGQI,0
8314-DPQHL,0
9921-EZKBY,0
6849-OYAMU,0
9812-GHVRI,2
7427-AUFPY,0
1236-WFCDV,0
3396-DKDEL,1
4558-FANTW,0
6736-DHUQI,0
5834-ASPWA,0
8019-ENHXU,0
3352-RICWQ,0
7938-OUHIO,1
5056-FIMPT,0
5442-BXVND,0
8292-TYSPY,0
2988-PLAHS,0
4439-JMPMT,0
2017-CCBLH,3
4989-LIXVT,0
4079-ULGFR,0
2379-GYFLQ,0
7982-VCELR,3
0015-UOCOJ,0
3970-XGJDU,0
9931-DCEZH,0
4544-RXFMG,0
2144-ESWKO,0
7898-PDWQE,2
3255-GRXMG,0
3413-BMNZE,1
0270-THENM,1
9330-DHBFL,0
9169-BSVIN,0
9823-EALYC,1
3704-IEAXF,0
2672-DZUOY,0
3212-KXOCR,0
0637-UBJRP,0
3841-CONLJ,1
9732-KPKBW,0
5150-ITWWB,0
0772-GYEQQ,0
5399-ZIMKF,4
5766-XQXMQ,0
9828-AOQLM,0
7096-ZNBZI,0
5274-XHAKY,0
7622-FWGEW,0
3179-GBRWV,0
5569-IDSEY,0
8262-COGGB,0
1845-ZLLIG,0
0130-SXOUN,1
2925-MXLSX,0
5018-LXQQG,0
8745-PVESG,0
6510-UPNKS,0
3486-HOOGQ,2
7206-PQBBZ,0
1481-ZUWZA,2
8224-DWCKX,0
2773-MADBQ,0
4704-ERYFC,0
7408-OFWXJ,0
1766-GKNMI,0
6778-EICRF,0
2565-JSLRY,0
3672-YITQD,0
1589-AGTLK,0
9845-QOMAD,0
1035-IPQPU,0
2190-BCXEC,1
7471-WNSUF,0
4860-YZGZM,0
3750-YHRYO,0
2649-HWLYB,0
6741-EGCBI,0
1258-YMZNM,0
1862-QRWPE,0
0201-MIBOL,1
7492-TAFJD,0
2346-DJQTB,0
8859-YSTWS,1
7452-FOLON,0
6814-ZPWFQ,0
6567-HOOPW,0
6408-WHTEF,0
5980-BDHPY,0
0177-PXBAT,0
4223-BKEOR,0
9680-NIAUV,0
7544-ZVIKX,0
0052-YNYOT,1
1627-AFWVJ,0
9701-CDXHR,0
9221-OTIVJ,0
6331-EWIEB,0
7901-TBKJX,0
6120-RJKLU,0
0080-EMYVY,0
7089-RKVSZ,0
3115-CZMZD,0
9375-MHRRS,0
0867-MKZVY,0
5022-KVDQT,1
5787-KXGIY,0
8329-UTMVM,0
6670-MFRPK,0
7808-DVWEP,0
9168-INPSZ,0
5498-IBWPI,0
8249-THVEC,0
8672-OAUPW,0
2397-BRLOM,0
3973-SKMLN,0
1981-INRFU,0
3373-YZZYM,0
7240-FQLHE,1
4981-FLTMF,1
7041-TXQJH,0
7225-IILWY,0
2277-BKJKN,0
3088-LHEFH,0
5781-RFZRP,0
7781-EWARA,0
1937-OTUKY,1
6692-UDPJC,0
2519-LBNQL,0
5299-RULOA,0
9962-BFPDU,0
9796-BPKIW,1
1877-HKBQX,0
9067-SQTNS,0
2809-ZMYOQ,0
4785-QRJHC,0
0016-QLJIS,0
4184-TJFAN,0
5393-RXQSZ,0
2495-KZNFB,0
1439-LCGVL,0
5115-GZDEL,0
3318-NMQXL,0
9087-EYCPR,0
5090-EMGTC,0
1197-BVMVG,0
1343-EHPYB,0
3951-NJCVI,0
6777-TGHTM,0
5760-WRAHC,0
2607-FBDFF,0
9039-RBEEE,0
5655-JSMZM,0
3486-NPGST,0
3810-DVDQQ,5
5909-ECHUI,1
2676-OXPPQ,0
1842-EZJMK,0
5396-IZEPB,5
3022-BEXHZ,0
7216-EWTRS,0
3256-EZDBI,0
6339-DKLMK,1
7998-WNZEM,1
6047-SUHPR,1
9588-OZDMQ,0
9450-TRJUU,1
0870-VEMYL,0
7054-ENNGU,0
9362-MWODR,1
0618-XWMSS,0
5456-ITGIC,0
3638-DIMPH,0
9052-DHNKM,0
5699-BNCAS,0
6630-UJZMY,0
2159-TURXX,0
8854-CCVSQ,0
7056-IMHCC,0
8746-OQQRW,0
4822-RVYBB,0
4908-XAXAY,0
9432-VOFYX,1
7854-EDSSA,0
6993-OHLXR,0
4817-KEQSP,0
2672-TGEFF,5
0219-YTZUE,0
2834-JRTUA,0
1559-DTODC,0
3750-RNQKR,0
8178-EYZUO,0
7511-YMXVQ,1
7670-ZBPOQ,0
4919-IKATY,0
7176-WIONM,3
5002-GCQFH,0
4104-PVRPS,0
6890-PFRQX,0
6319-IEJWJ,0
0224-HJAPT,1
1899-VXWXM,0
4273-MBHYA,2
6537-OTKMY,0
6479-VDGRK,0
1550-LOAHA,0
5996-EBTKM,0
8191-XWSZG,0
3401-URHDA,0
2382-BCKQJ,2
8739-WWKDU,0
5542-DHSXL,0
2545-LXYVJ,0
9220-CXRSC,0
5206-HPJKM,0
9637-CDTKZ,0
7639-LIAYI,0
5248-KWLAR,0
0326-VDYXE,1
2880-FPNAE,0
1038-ZAGBI,0
3496-LFSZU,0
7562-UXTPG,0
8272-ONJLV,0
8922-LIEGH,1
5378-IKEEG,0
9308-ANMVE,1
8049-WJCLQ,0
2057-ZBLPD,0
0674-EYYZV,0
1271-SJBGZ,0
7103-ZGVNT,0
0872-CASZJ,0
0508-OOLTO,0
4900-MSOMT,0
4367-NUYAO,1
3460-TJBWI,0
9809-IMGCQ,0
4950-HKQTE,0
0667-NSRGI,1
5125-CNDSP,0
9867-JCZSP,0
9503-XJUME,1
1328-EUZHC,0
9938-TKDGL,1
4291-HYEBC,0
3346-BRMIS,0
1063-DHQJF,0
7252-NTGSS,0
4236-XPXAV,0
6402-ZFPPI,0
5022-JNQEQ,0
0601-WZHJF,0
3272-VUHPV,5
5035-BVCXS,0
0515-YPMCW,0
6869-FGJJC,0
4489-SNOJF,0
5183-SNMJQ,0
3118-UHVVQ,0
4905-JEFDW,0
8443-WVPSS,1
2673-CXQEU,0
8480-PPONV,1
1410-RSCMR,0
7297-DVYGA,3
8309-IEYJD,0
2961-VNFKL,0
7356-IWLFW,1
4063-EIKNQ,0
6215-NQCPY,1
5018-GWURO,1
9861-PDSZP,0
4682-BLBUC,0
0867-LDTTC,0
2308-STERM,0
9373-WSLOY,0
2055-SIFSS,0
2351-RRBUE,0
5536-RTPWK,0
7803-XOCCZ,0
1820-DJFPH,1
3177-LASXD,0
6653-CBBOM,0
9625-RZFUK,0
6818-WOBHJ,0
5832-TRLPB,0
3688-FTHLT,0
3308-MHOOC,2
1703-MGIAB,0
8051-HJRLT,4
3703-KBKZP,0
2717-HVIZY,0
0020-JDNXP,0
9150-HEPMB,1
2725-KXXWT,1
7245-NIIWQ,0
6701-YVNQG,0
4703-MQYKT,4
2001-EWBQU,0
7123-WQUHX,0
3572-UUHRS,0
7798-JVXYM,0
0956-SYCWG,0
6969-MVBAI,0
1302-TPUBN,4
4818-QIUFN,0
6457-USBER,1
2725-IWWBA,0
7302-ZHMHP,0
3764-MNMOI,0
1212-GLHMD,0
1032-MAELW,0
3104-OWCGK,0
1045-LTCYT,0
3181-VTHOE,0
1360-JYXKQ,0
1926-QUZNN,0
5093-FEGLU,0
4115-NZRKS,0
0930-EHUZA,0
2511-MORQY,1
6350-XFYGW,0
8707-RMEZH,2
5049-MUBWG,1
7351-KYHQH,0
9294-TDIPC,0
0637-YLETY,3
2691-NZETQ,0
8327-LZKAS,0
9073-ZZIAY,1
9495-REDIY,1
4976-LNFVV,0
7826-VVKWT,0
0375-HVGXO,0
1385-TQOZW,0
3503-TYDAY,0
7228-OMTPN,0
3766-EJLFL,0
2446-BEGGB,1
5482-PLVPE,0
4402-FTBXC,0
3934-HXCFZ,0
5961-VUSRV,0
5619-PTMIK,0
8017-LXHFA,0
8231-BSWXX,0
2466-FCCPT,0
5025-GOOKI,0
1215-VFYVK,3
3376-BMGFE,0
8143-ETQTI,0
9819-FBNSV,0
6137-NICCO,0
0999-QXNSA,0
5144-PQCDZ,1
2960-NKRSO,0
4488-KQFDT,0
8020-BWHYL,0
4446-BZKHU,1
4359-INNWN,0
6745-JEFZB,2
9242-TKFSV,0
4672-FOTSD,0
1087-UDSIH,0
3398-FSHON,0
1371-OJCEK,0
0384-RVBPI,0
7120-RFMVS,0
9223-UCPVT,2
9739-JLPQJ,1
0687-ZVTHB,0
4536-PLEQY,0
9444-JTXHZ,0
3148-BLQJT,0
3569-EDBPQ,0
2300-RQGOI,2
4057-FKCZK,0
3074-GQWYX,0
3090-HAWSU,0
6242-MBHPK,1
0455-ENTCR,0
7133-VBDCG,0
0690-SRQID,0
4951-UKAAQ,0
2234-EOFPT,0
2680-XKKNJ,0
5338-YHWYT,0
0489-WMEMG,0
2632-TACXW,1
2275-RBYQS,0
9526-JAWYF,1
3192-NQECA,0
7994-XIRTR,1
0848-ZGQIJ,0
9677-AVKED,0
3629-WEAAM,0
2453-SAFNS,0
6481-LXPWL,0
8775-ERLNB,0
1555-HAPSU,0
0885-HMGPY,0
1041-RXHRA,0
9095-HFAFX,0
0285-INHLN,0
8909-BOLNL,0
6252-DFGTK,0
6734-PSBAW,0
0235-KGSLC,0
7752-XUSCI,1
8082-GHXOP,0
1635-NZATJ,0
3120-FAZKD,0
6854-EXGSF,0
0225-ZORZP,0
4482-EWFMI,0
0967-BMLBD,0
6728-WYQBC,0
1897-OKVMW,0
3235-ETOOB,0
3717-OEAUQ,0
1177-XZBJL,0
3714-NTNFO,0
9398-MMQTO,0
0191-ZHSKZ,0
2364-UFROM,0
7601-GNDYK,0
6595-COKXZ,0
2085-JVGAD,1
8404-FYDIB,3
9365-SRSZE,0
4115-UMJFQ,0
5968-HYJRZ,0
4351-QLCSU,0
8327-WKMIE,3
5524-KHNJP,0
5896-NPFWW,0
5976-JCJRH,0
5039-LZRQT,0
0537-QYZZN,0
0939-YAPAF,2
9473-CBZOP,0
5868-YTYKS,0
8185-UPYBR,0
9770-LXDBK,0
6439-GTPCA,0
6484-LATFU,0
5472-CVMDX,1
9548-LERKT,0
0691-IFBQW,0
7205-BAIAD,0
1480-BKXGA,0
4942-VZZOM,0
0265-PSUAE,0
6198-ZFIOJ,1
3717-OFRTN,0
3536-IQCTX,0
4795-UXVCJ,0
9717-QEBGU,1
9921-QFQUL,0
0620-XEFWH,0
1403-LKLIK,0
4334-HOWRP,0
2272-JKMSI,1
3682-YEUWS,0
8000-REIQB,0
7130-YXBRO,0
7008-LZVOZ,0
2267-FPIMA,0
3547-LQRIK,0
5061-PBXFW,0
9814-AOUDH,0
5032-MIYKT,0
8242-PDSGJ,0
7338-ERIVA,0
1755-FZQEC,0
8902-ZEOVF,0
9249-FXSCK,0
1696-MZVAU,0
6202-DYYFX,1
0880-TKATG,0
4836-WNFNO,0
5651-YLPRD,0
5276-KQWHG,0
8563-OYMQY,1
6122-LJADA,1
2507-QZPQS,0
2209-XADXF,0
3161-ONRWK,1
9776-CLUJA,0
0048-LUMLS,0
9494-BDNNC,1
3911-RSNHI,0
5918-VUKWP,0
2348-KCJLT,0
6575-SUVOI,2
7868-TMWMZ,0
0682-USIXD,0
5499-ECUTN,0
7291-CDTMJ,0
6103-QCKFX,0
8260-NGFNY,0
4765-OXPPD,0
8207-DMRVL,0
5504-WSIUR,0
1444-VVSGW,0
9408-SSNVZ,0
7124-UGSUR,5
0625-AFOHS,0
0988-AADSA,0
5747-PMBSQ,0
6963-EZQEE,0
9435-JMLSX,0
8849-AYPTR,0
6582-PLFUU,0
2962-XPMCQ,0
3696-DFHHB,0
4815-YOSUK,0
3077-RSNTJ,1
4883-QICIH,0
9541-ZPSEA,0
2332-TODQS,1
4091-TVOCN,0
4911-BANWH,0
7779-LGOVN,1
0549-CYCQN,0
3440-JPSCL,0
4778-IZARL,1
8519-IMDHU,1
3453-RTHJQ,0
5995-LFTLE,4
9565-FLVCG,0
3071-MVJCD,0
7853-OETYL,1
5895-QSXOD,1
6023-YEBUP,0
8898-KASCD,0
6377-KSLXC,1
7746-AWNQW,0
4079-WWQQQ,1
2792-LSHWX,0
7054-DMVAS,3
8398-TBIYD,0
9565-JSNFM,0
5676-CFLYY,0
5032-USPKF,0
0118-JPNOY,1
4056-QHXHZ,0
9743-DQKQW,0
5201-FRKKS,0
2528-HFYZX,1
6481-OGDOO,1
4429-WYGFR,0
8087-LGYHQ,0
8344-WFMFH,0
9371-BITHB,0
8008-HAWED,0
0334-ZFJSR,0
9227-YBAXE,2
2065-MMKGR,0
4685-ERGHK,0
0504-HHAPI,1
9746-UGFAC,0
9518-XXBXE,0
2650-GYRYL,0
0697-ZMSWS,0
2309-OSFEU,0
8345-MVDYC,0
9965-YOKZB,0
3160-TYXLT,1
7142-HVGBG,4
8232-UTFOZ,0
6485-QXWWE,0
9624-EGDEQ,1
6583-SZVGP,1
9722-UJOJR,0
5567-GZKQY,1
3063-QFSZL,0
6416-JNVRK,0
0786-VSSUD,2
9912-GVSEQ,0
2378-HTWFW,0
2530-FMFXO,0
5057-LCOUI,0
1574-DYCWE,0
8873-TMKGR,0
6956-SMUCM,5
4194-WHFCB,0
0207-MDKNV,0
2842-BCQGE,0
6168-YBYNP,0
2587-YNLES,0
8166-ORCHU,0
9028-LIHRP,0
1304-NECVQ,0
0835-JKADZ,2
5656-MJEFC,0
5989-OMNJE,0
1095-JUDTC,0
6980-IMXXE,0
4495-LHSSK,1
2410-CIYFZ,3
2889-FPWRM,0
6100-FJZDG,0
5597-GLBUC,0
7711-YIJWC,0
9659-ZTWSM,0
7137-NAXML,0
2720-FVBQP,0
9046-DQMTP,1
0536-ESJEP,0
2235-ZGKPT,0
4195-NZGTA,0
8404-VIOMB,1
1918-ZBFQJ,0
5199-FPUSP,0
1575-KRZZE,0
7182-OVLBJ,0
3801-HMYNL,1
6872-HXFNF,0
3528-HFRIQ,0
1090-PYKCI,1
9862-KJTYK,0
9670-BPNXF,0
7610-TVOPG,0
9286-BHDQG,0
5505-OVWQW,0
0475-RIJEP,1
0206-TBWLC,0
9575-IWCAZ,2
9501-UKKNL,0
0348-SDKOL,3
7343-EOBEU,0
0946-CLJTI,0
4472-VESGY,0
8129-GMVGI,0
6458-CYIDZ,0
7603-USHJS,1
6923-AQONU,0
8406-LNMHF,0
2108-YKQTY,0
1423-BMPBQ,0
4143-OOBWZ,0
0384-LPITE,1
2105-PHWON,0
6051-PTVNS,1
2778-OCLGR,3
5288-AHOUP,0
2782-LFZVW,0
2091-RFFBA,0
1972-XMUWV,0
8404-GFGCZ,0
3137-LUPIX,5
0778-NELLA,1
0396-YCHWO,0
8945-GRKHX,0
5666-CYCYZ,0
4654-DLAMQ,0
3768-VHXQO,3
5982-FPVQN,1
1194-SPVSP,0
1240-KNSEZ,4
0018-NYROU,0
3221-CJMSG,0
3753-TSEMP,0
0137-UDEUO,0
5136-RGMZO,0
0512-FLFDW,0
4776-XSKYQ,2
0151-ONTOV,0
1459-QNFQT,0
6122-EFVKN,0
5791-KAJFD,0
8999-BOHSE,0
1223-UNPKS,0
8263-OKETD,0
5331-RGMTT,1
6917-IAYHD,0
2234-XADUH,0
5572-ZDXHY,0
8565-HBFNN,0
1448-PWKYE,0
8879-XUAHX,0
7128-GGCNO,0
1116-FRYVH,0
1061-PNTHC,0
9755-JHNMN,0
3030-ZKIWL,0
5996-NRVXR,1
2371-JUNGC,1
4992-LTJNE,0
8626-PTQGE,3
0839-QNXME,0
6898-RBTLU,1
9330-VOFSZ,0
4829-AUOAX,0
1730-VFMWO,1
7734-DBOAI,0
9488-FYQAU,1
2227-JRSJX,3
5066-GFJMM,2
3658-QQJYD,0
3057-VJJQE,0
3429-IFLEM,0
4518-FZBSX,0
3173-WSSUE,3
8219-VYBVI,0
9114-AAFQH,1
9451-WLYRI,0
0886-QGENL,1
3466-RITXD,0
5356-RHIPP,0
8148-BPLZQ,0
4946-EDSEW,0
6578-KRMAW,0
8245-UMPYT,1
8884-MRNSU,0
4980-URKXC,0
7760-OYPDY,2
2305-MRGLV,0
1501-SGHBW,1
3538-WZPHD,0
3318-OSATS,1
2731-GJRDG,0
9924-JPRMC,0
7156-MHUGY,0
2873-ZLIWT,2
3577-AMVUX,1
6143-JQKEA,0
2988-GBIVW,0
6166-YIPFO,1
2892-GESUL,0
3707-LRWZD,0
3164-AALRN,0
3009-JWMPU,0
4623-ZKHLY,2
7975-JMZNT,0
2609-IAICY,1
7083-YNSKY,0
7009-LGECI,0
4476-OSWTN,0
4503-BDXBD,0
5028-GZLDO,0
6918-UMQCG,0
2040-XBAVJ,0
0436-TWFFZ,0
9850-OWRHQ,0
5780-INQIK,0
2672-HUYVI,0
1684-FLBGS,0
2150-OEGBV,0
4735-BJKOU,1
8519-QJGJD,0
4329-YPDDQ,0
4718-WXBGI,0
3807-BPOMJ,0
0345-HKJVM,0
6641-XRPSU,1
4227-OJHAL,0
9253-VIFJQ,0
9070-BCKQP,0
7067-KSAZT,2
0516-WJVXC,0
8901-HJXTF,0
6034-YMTOB,0
9274-CNFMO,0
9467-ROOLM,0
3889-VWBID,1
5562-YJQGT,0
0495-ZBNGW,1
3283-WCWXT,0
3797-VTIDR,0
4522-XRWWI,0
5151-HQRDG,0
6357-JJPQT,4
8966-KZXXA,1
5960-WPXQM,0
7159-NOKYQ,0
0330-BGYZE,0
6270-OMFIW,0
4925-LMHOK,0
9134-CEQMF,1
6198-RTPMF,0
3590-TCXTB,1
0607-DAAHE,0
4441-NIHPT,5
6900-RBKER,0
6112-KTHFQ,0
6898-MDLZW,4
9253-QXKBE,0
6177-PEVRA,1
1810-MVMAI,0
2834-SPCJV,0
3207-OYBWH,0
1353-GHZOS,0
6243-OZGFH,0
5702-SKUOB,0
5382-SOYZL,0
6754-LZUKA,0
6698-OXETB,0
2860-RANUS,0
4011-ARPHK,0
9257-AZMTZ,1
6134-KWTBV,0
1465-WCZVT,0
8276-MQBYC,1
1265-HVPZB,0
3800-LYTRK,0
1430-SFQSA,2
5075-JSDKI,0
0322-CHQRU,1
9578-VRMNM,0
2402-TAIRZ,0
1685-BQULA,0
4565-EVZMJ,0
2452-MRMZF,0
8229-BUJHX,0
8903-WMRNW,1
4827-LTQRJ,2
9522-BNTHX,0
9940-HPQPG,0
6360-SVNWV,0
5698-BQJOH,0
4193-ORFCL,0
9110-HSGTV,0
3956-CJUST,0
9137-UIYPG,1
8775-CEBBJ,0
0813-TAXXS,1
5899-OUVKV,0
8544-GOQSH,0
4890-VMUAV,0
9415-ZNBSX,0
5138-WVKYJ,0
2956-GGUCQ,0
9584-EXCDZ,3
8806-EAGWC,0
1293-HHSHJ,0
9327-QSDED,0
0064-SUDOG,0
0052-DCKON,0
7943-RQCHR,0
2926-JEJJC,1
7176-WRTNX,0
2482-CZGBB,2
0931-MHTEM,0
2810-FTLEM,0
2468-SJFLM,1
8868-WOZGU,0
3571-DPYUH,1
9544-PYPSJ,0
1591-XWLGB,1
1120-BMWUB,1
4742-TXUEX,0
0264-CNITK,0
5386-THSLQ,0
1779-PWPMG,0
6169-PGNCD,0
9742-XOKTS,2
2038-OEQZH,0
0048-PIHNL,0
8107-KNCIM,0
2067-QYTCF,0
5010-IPEAQ,3
0871-URUWO,0
7730-CLDSV,0
0422-OHQHQ,0
3544-FBCAS,0
9492-TOKRI,0
6907-CQGPN,0
4822-YCXMX,3
4698-KVLLG,0
3426-NIYYL,0
7017-VFHAY,0
8204-YJCLA,0
6888-SBYAI,0
5793-YOLJN,3
5108-ADXWO,0
9919-YLNNG,0
6729-FZWSY,0
1960-UYCNN,0
2626-VEEWG,0
7593-JNWRU,2
4353-HYOJD,0
6203-HBZPA,0
4547-FZJWE,1
7469-LKBCI,1
0406-BPDVR,0
0121-SNYRK,2
8237-ULIXL,0
6181-AXXYF,0
8434-PNQZX,0
6559-ILWKJ,0
5663-QBGIS,0
6844-DZKRF,0
4576-CSAJH,1
0442-TDYUO,0
2474-BRUCM,0
6905-NIQIN,0
3990-QYKBE,3
1891-UAWWU,0
4950-BDEUX,0
0461-CVKMU,0
2987-BJXIK,3
9191-MYQKX,0
1965-AKTSX,1
5016-LIPDW,0
0369-ZGOVK,0
3785-NRHYR,0
1097-FSPVW,1
5816-QVHRX,0
3745-HRPHI,0
8285-ABVLB,0
3230-IUALN,0
8640-SDGKB,1
3108-PCCGG,0
8258-GSTJK,1
2000-DHJUY,3
4967-WPNCF,0
4486-EFAEB,0
1852-XEMDW,0
7629-WFGLW,0
1057-FOGLZ,0
6999-CHVCF,0
7016-NVRIC,0
4299-OPXEJ,5
7445-WMRBW,1
4335-UPJSI,0
3296-SILRA,5
6080-TCMYC,0
5599-HVLTW,0
1421-HCERK,0
3813-DHBBB,0
7488-MXJIV,0
2642-DTVCO,0
3896-RCYYE,0
3034-ZBEQN,0
5197-LQXXH,0
7789-HKSBS,0
0386-CWRGM,0
3873-WOSBC,0
5175-AOBHI,0
2495-INZWQ,1
5240-IJOQT,0
9577-WJVCQ,0
9699-UBQFS,0
8859-AXJZP,0
7858-GTZSP,0
4680-KUTAJ,0
4893-GYUJU,0
1080-BWSYE,0
3143-JQEGI,1
6786-OBWQR,0
6693-FRIRW,2
9689-PTNPG,0
7315-WYOAW,0
5027-XWQHA,0
8849-PRIQJ,0
4791-QRGMF,1
8250-ZNGGW,0
3096-YXENJ,3
8985-OOPOS,0
0196-VULGZ,0
0795-XCCTE,1
5346-BZCHP,0
4707-MAXGU,0
5260-UMPWX,0
3717-FDJFU,0
9033-EOXWV,1
0562-HKHML,0
9591-YVTEB,0
6500-JVEGC,0
5495-GPSRW,0
2832-SCUCO,0
4654-GGUII,4
0292-WEGCH,0
6923-JHPMP,0
7629-WIXZF,0
9625-QSTYE,0
1184-PJVDB,0
6919-ELBGL,0
2612-RRIDN,0
1583-IHQZE,3
2478-EEWWM,0
0310-MVLET,2
6447-GORXK,0
7718-RXDGG,0
4763-PGDPO,0
7622-NXQZR,0
1565-RHDJD,0
9917-KWRBE,0
8263-JQAIK,0
5173-ZXXXL,0
8884-ADFVN,0
2754-VDLTR,0
5307-UVGNB,0
3722-WPXTK,0
3786-WOVKF,0
7781-HVGMK,0
3908-BLSYF,0
1670-SVOWZ,0
0572-ZJKLT,0
1813-JLKWR,0
8778-LMWTJ,2
4837-PZTIC,3
2669-QVCRG,0
1353-LJWEM,1
0875-CABNR,0
1465-LNTLJ,0
7795-CFOCW,0
5956-YHHRX,0
3345-JHUEO,0
6925-BAYGL,1
9643-AVVWI,0
4611-ANLQC,0
2603-HVKCG,2
1393-IMKZG,0
4584-LBNMK,0
9860-LISIZ,1
5419-CONWX,3
5803-NQJZO,0
0219-QAERP,0
2460-NGXBJ,1
9430-NKQLY,0
3891-NLXJB,1
9600-UDOPK,0
0256-LTHVJ,2
7018-FPXHH,0
7952-OBOYL,0
8259-DZLIZ,0
2815-CPTUL,0
1226-JZNKR,0
6121-TNHBO,0
9798-DRYDS,3
3096-IZETN,2
2812-ENYMO,0
1791-PQHBB,1
2883-ILGWO,1
5868-YWPDW,0
1635-FJFCC,0
4910-AQFFX,0
3351-NQLDI,0
5686-CMAWK,0
6516-NKQBO,0
5424-RLQLC,0
3374-PZLXD,0
7794-JASDG,0
1202-KKGFU,0
9220-ZNKJI,0
2476-YGEFM,0
0362-RAOQO,0
8661-BOYNW,1
6794-HKIAJ,0
0195-IESCP,0
4106-HADHQ,0
2888-ADFAO,0
4873-ILOLJ,0
4232-JGKIY,0
8908-NMQTX,0
6040-CGACY,1
8198-RKSZG,0
8552-OBVRU,0
0673-IGUQO,0
1987-AUELQ,0
3594-BDSOA,0
5071-FBJFS,1
7765-LWVVH,0
1293-BSEUN,0
7037-MTYVW,0
4587-VVTOX,0
7716-YTYHG,2
7649-PHJVR,1
7855-DIWPO,0
8197-BFWVU,0
>>>>>>> master
